--
-- PostgreSQL database dump
--

-- Dumped from database version 12.9 (Ubuntu 12.9-2.pgdg20.04+1)
-- Dumped by pg_dump version 12.9 (Ubuntu 12.9-2.pgdg20.04+1)

SET statement_timeout = 0;
SET lock_timeout = 0;
SET idle_in_transaction_session_timeout = 0;
SET client_encoding = 'UTF8';
SET standard_conforming_strings = on;
SELECT pg_catalog.set_config('search_path', '', false);
SET check_function_bodies = false;
SET xmloption = content;
SET client_min_messages = warning;
SET row_security = off;

DROP DATABASE universe;
--
-- Name: universe; Type: DATABASE; Schema: -; Owner: freecodecamp
--

CREATE DATABASE universe WITH TEMPLATE = template0 ENCODING = 'UTF8' LC_COLLATE = 'C.UTF-8' LC_CTYPE = 'C.UTF-8';


ALTER DATABASE universe OWNER TO freecodecamp;

\connect universe

SET statement_timeout = 0;
SET lock_timeout = 0;
SET idle_in_transaction_session_timeout = 0;
SET client_encoding = 'UTF8';
SET standard_conforming_strings = on;
SELECT pg_catalog.set_config('search_path', '', false);
SET check_function_bodies = false;
SET xmloption = content;
SET client_min_messages = warning;
SET row_security = off;

SET default_tablespace = '';

SET default_table_access_method = heap;

--
-- Name: dwarf_planet; Type: TABLE; Schema: public; Owner: freecodecamp
--

CREATE TABLE public.dwarf_planet (
    name character varying(40) NOT NULL,
    dp_description text,
    dwarf_planet_id integer NOT NULL
);


ALTER TABLE public.dwarf_planet OWNER TO freecodecamp;

--
-- Name: dwarf_planet_dp_id_seq; Type: SEQUENCE; Schema: public; Owner: freecodecamp
--

CREATE SEQUENCE public.dwarf_planet_dp_id_seq
    AS integer
    START WITH 1
    INCREMENT BY 1
    NO MINVALUE
    NO MAXVALUE
    CACHE 1;


ALTER TABLE public.dwarf_planet_dp_id_seq OWNER TO freecodecamp;

--
-- Name: dwarf_planet_dp_id_seq; Type: SEQUENCE OWNED BY; Schema: public; Owner: freecodecamp
--

ALTER SEQUENCE public.dwarf_planet_dp_id_seq OWNED BY public.dwarf_planet.dwarf_planet_id;


--
-- Name: galaxy; Type: TABLE; Schema: public; Owner: freecodecamp
--

CREATE TABLE public.galaxy (
    galaxy_id integer NOT NULL,
    name character varying(60) NOT NULL,
    galaxy_description text,
    has_life boolean,
    age_of_galaxy integer
);


ALTER TABLE public.galaxy OWNER TO freecodecamp;

--
-- Name: galaxy_galaxy_id_seq; Type: SEQUENCE; Schema: public; Owner: freecodecamp
--

CREATE SEQUENCE public.galaxy_galaxy_id_seq
    AS integer
    START WITH 1
    INCREMENT BY 1
    NO MINVALUE
    NO MAXVALUE
    CACHE 1;


ALTER TABLE public.galaxy_galaxy_id_seq OWNER TO freecodecamp;

--
-- Name: galaxy_galaxy_id_seq; Type: SEQUENCE OWNED BY; Schema: public; Owner: freecodecamp
--

ALTER SEQUENCE public.galaxy_galaxy_id_seq OWNED BY public.galaxy.galaxy_id;


--
-- Name: moon; Type: TABLE; Schema: public; Owner: freecodecamp
--

CREATE TABLE public.moon (
    moon_id integer NOT NULL,
    name character varying(60) NOT NULL,
    moon_description text,
    planet_id integer,
    age_of_moon integer
);


ALTER TABLE public.moon OWNER TO freecodecamp;

--
-- Name: moon_moon_id_seq; Type: SEQUENCE; Schema: public; Owner: freecodecamp
--

CREATE SEQUENCE public.moon_moon_id_seq
    AS integer
    START WITH 1
    INCREMENT BY 1
    NO MINVALUE
    NO MAXVALUE
    CACHE 1;


ALTER TABLE public.moon_moon_id_seq OWNER TO freecodecamp;

--
-- Name: moon_moon_id_seq; Type: SEQUENCE OWNED BY; Schema: public; Owner: freecodecamp
--

ALTER SEQUENCE public.moon_moon_id_seq OWNED BY public.moon.moon_id;


--
-- Name: planet; Type: TABLE; Schema: public; Owner: freecodecamp
--

CREATE TABLE public.planet (
    planet_id integer NOT NULL,
    name character varying(60) NOT NULL,
    planet_description text,
    has_life boolean,
    distance_from_star numeric(6,0),
    star_id integer
);


ALTER TABLE public.planet OWNER TO freecodecamp;

--
-- Name: planet_planet_id_seq; Type: SEQUENCE; Schema: public; Owner: freecodecamp
--

CREATE SEQUENCE public.planet_planet_id_seq
    AS integer
    START WITH 1
    INCREMENT BY 1
    NO MINVALUE
    NO MAXVALUE
    CACHE 1;


ALTER TABLE public.planet_planet_id_seq OWNER TO freecodecamp;

--
-- Name: planet_planet_id_seq; Type: SEQUENCE OWNED BY; Schema: public; Owner: freecodecamp
--

ALTER SEQUENCE public.planet_planet_id_seq OWNED BY public.planet.planet_id;


--
-- Name: star; Type: TABLE; Schema: public; Owner: freecodecamp
--

CREATE TABLE public.star (
    star_id integer NOT NULL,
    name character varying(60) NOT NULL,
    star_description text,
    age_of_star integer,
    galaxy_id integer
);


ALTER TABLE public.star OWNER TO freecodecamp;

--
-- Name: star_star_id_seq; Type: SEQUENCE; Schema: public; Owner: freecodecamp
--

CREATE SEQUENCE public.star_star_id_seq
    AS integer
    START WITH 1
    INCREMENT BY 1
    NO MINVALUE
    NO MAXVALUE
    CACHE 1;


ALTER TABLE public.star_star_id_seq OWNER TO freecodecamp;

--
-- Name: star_star_id_seq; Type: SEQUENCE OWNED BY; Schema: public; Owner: freecodecamp
--

ALTER SEQUENCE public.star_star_id_seq OWNED BY public.star.star_id;


--
-- Name: dwarf_planet dwarf_planet_id; Type: DEFAULT; Schema: public; Owner: freecodecamp
--

ALTER TABLE ONLY public.dwarf_planet ALTER COLUMN dwarf_planet_id SET DEFAULT nextval('public.dwarf_planet_dp_id_seq'::regclass);


--
-- Name: galaxy galaxy_id; Type: DEFAULT; Schema: public; Owner: freecodecamp
--

ALTER TABLE ONLY public.galaxy ALTER COLUMN galaxy_id SET DEFAULT nextval('public.galaxy_galaxy_id_seq'::regclass);


--
-- Name: moon moon_id; Type: DEFAULT; Schema: public; Owner: freecodecamp
--

ALTER TABLE ONLY public.moon ALTER COLUMN moon_id SET DEFAULT nextval('public.moon_moon_id_seq'::regclass);


--
-- Name: planet planet_id; Type: DEFAULT; Schema: public; Owner: freecodecamp
--

ALTER TABLE ONLY public.planet ALTER COLUMN planet_id SET DEFAULT nextval('public.planet_planet_id_seq'::regclass);


--
-- Name: star star_id; Type: DEFAULT; Schema: public; Owner: freecodecamp
--

ALTER TABLE ONLY public.star ALTER COLUMN star_id SET DEFAULT nextval('public.star_star_id_seq'::regclass);


--
-- Data for Name: dwarf_planet; Type: TABLE DATA; Schema: public; Owner: freecodecamp
--

INSERT INTO public.dwarf_planet VALUES ('Ceres', NULL, 1);
INSERT INTO public.dwarf_planet VALUES ('Pluto', NULL, 2);
INSERT INTO public.dwarf_planet VALUES ('Eris', NULL, 3);


--
-- Data for Name: galaxy; Type: TABLE DATA; Schema: public; Owner: freecodecamp
--

INSERT INTO public.galaxy VALUES (1, 'The Milky Way', NULL, NULL, NULL);
INSERT INTO public.galaxy VALUES (2, 'Andromeda', NULL, NULL, NULL);
INSERT INTO public.galaxy VALUES (3, 'Cygnus A', NULL, NULL, NULL);
INSERT INTO public.galaxy VALUES (4, 'Virgo A', NULL, NULL, NULL);
INSERT INTO public.galaxy VALUES (5, 'The Backward galaxy', NULL, NULL, NULL);
INSERT INTO public.galaxy VALUES (6, 'The Condor galaxy', NULL, NULL, NULL);


--
-- Data for Name: moon; Type: TABLE DATA; Schema: public; Owner: freecodecamp
--

INSERT INTO public.moon VALUES (1, 'Moon', NULL, 3, NULL);
INSERT INTO public.moon VALUES (2, 'Phobos', NULL, 4, NULL);
INSERT INTO public.moon VALUES (3, 'Deimos', NULL, 4, NULL);
INSERT INTO public.moon VALUES (4, 'Io', NULL, 5, NULL);
INSERT INTO public.moon VALUES (5, 'Europa', NULL, 5, NULL);
INSERT INTO public.moon VALUES (6, 'Ganymede', NULL, 5, NULL);
INSERT INTO public.moon VALUES (7, 'Callisto', NULL, 5, NULL);
INSERT INTO public.moon VALUES (8, 'Amalthea', NULL, 5, NULL);
INSERT INTO public.moon VALUES (9, 'Mimas', NULL, 6, NULL);
INSERT INTO public.moon VALUES (10, 'Enceladus', NULL, 6, NULL);
INSERT INTO public.moon VALUES (11, 'Tethys', NULL, 6, NULL);
INSERT INTO public.moon VALUES (12, 'Dione', NULL, 6, NULL);
INSERT INTO public.moon VALUES (13, 'Rhea', NULL, 6, NULL);
INSERT INTO public.moon VALUES (14, 'Titan', NULL, 6, NULL);
INSERT INTO public.moon VALUES (15, 'Ariel', NULL, 7, NULL);
INSERT INTO public.moon VALUES (16, 'Umbriel', NULL, 7, NULL);
INSERT INTO public.moon VALUES (17, 'Titania', NULL, 7, NULL);
INSERT INTO public.moon VALUES (18, 'Oberon', NULL, 7, NULL);
INSERT INTO public.moon VALUES (19, 'Miranda', NULL, 7, NULL);
INSERT INTO public.moon VALUES (20, 'Triton', NULL, 8, NULL);


--
-- Data for Name: planet; Type: TABLE DATA; Schema: public; Owner: freecodecamp
--

INSERT INTO public.planet VALUES (1, 'Mercury', NULL, NULL, NULL, 1);
INSERT INTO public.planet VALUES (2, 'Venus', NULL, NULL, NULL, 1);
INSERT INTO public.planet VALUES (3, 'Earth', NULL, NULL, NULL, 1);
INSERT INTO public.planet VALUES (4, 'Mars', NULL, NULL, NULL, 1);
INSERT INTO public.planet VALUES (5, 'Jupiter', NULL, NULL, NULL, 1);
INSERT INTO public.planet VALUES (6, 'Saturn', NULL, NULL, NULL, 1);
INSERT INTO public.planet VALUES (7, 'Uranus', NULL, NULL, NULL, 1);
INSERT INTO public.planet VALUES (8, 'Neptune', NULL, NULL, NULL, 1);
INSERT INTO public.planet VALUES (9, 'Beta Picoris b', NULL, NULL, NULL, 5);
INSERT INTO public.planet VALUES (10, '51 Eridani b', NULL, NULL, NULL, 6);
INSERT INTO public.planet VALUES (11, 'Proxima Centauri b', NULL, NULL, NULL, 2);
INSERT INTO public.planet VALUES (12, 'Alfa Centauri Bb', NULL, NULL, NULL, 4);


--
-- Data for Name: star; Type: TABLE DATA; Schema: public; Owner: freecodecamp
--

INSERT INTO public.star VALUES (1, 'The Sun', NULL, NULL, 1);
INSERT INTO public.star VALUES (2, 'Centauri C', NULL, NULL, 1);
INSERT INTO public.star VALUES (3, 'Centauri A', NULL, NULL, 1);
INSERT INTO public.star VALUES (4, 'Centauri B', NULL, NULL, 1);
INSERT INTO public.star VALUES (5, 'Beta Pictoris', NULL, NULL, 1);
INSERT INTO public.star VALUES (6, '51 Eridani', NULL, NULL, 1);


--
-- Name: dwarf_planet_dp_id_seq; Type: SEQUENCE SET; Schema: public; Owner: freecodecamp
--

SELECT pg_catalog.setval('public.dwarf_planet_dp_id_seq', 3, true);


--
-- Name: galaxy_galaxy_id_seq; Type: SEQUENCE SET; Schema: public; Owner: freecodecamp
--

SELECT pg_catalog.setval('public.galaxy_galaxy_id_seq', 6, true);


--
-- Name: moon_moon_id_seq; Type: SEQUENCE SET; Schema: public; Owner: freecodecamp
--

SELECT pg_catalog.setval('public.moon_moon_id_seq', 20, true);


--
-- Name: planet_planet_id_seq; Type: SEQUENCE SET; Schema: public; Owner: freecodecamp
--

SELECT pg_catalog.setval('public.planet_planet_id_seq', 12, true);


--
-- Name: star_star_id_seq; Type: SEQUENCE SET; Schema: public; Owner: freecodecamp
--

SELECT pg_catalog.setval('public.star_star_id_seq', 6, true);


--
-- Name: dwarf_planet dwarf_planet_pkey; Type: CONSTRAINT; Schema: public; Owner: freecodecamp
--

ALTER TABLE ONLY public.dwarf_planet
    ADD CONSTRAINT dwarf_planet_pkey PRIMARY KEY (dwarf_planet_id);


--
-- Name: galaxy galaxy_pkey; Type: CONSTRAINT; Schema: public; Owner: freecodecamp
--

ALTER TABLE ONLY public.galaxy
    ADD CONSTRAINT galaxy_pkey PRIMARY KEY (galaxy_id);


--
-- Name: moon moon_pkey; Type: CONSTRAINT; Schema: public; Owner: freecodecamp
--

ALTER TABLE ONLY public.moon
    ADD CONSTRAINT moon_pkey PRIMARY KEY (moon_id);


--
-- Name: planet planet_pkey; Type: CONSTRAINT; Schema: public; Owner: freecodecamp
--

ALTER TABLE ONLY public.planet
    ADD CONSTRAINT planet_pkey PRIMARY KEY (planet_id);


--
-- Name: star star_pkey; Type: CONSTRAINT; Schema: public; Owner: freecodecamp
--

ALTER TABLE ONLY public.star
    ADD CONSTRAINT star_pkey PRIMARY KEY (star_id);


--
-- Name: dwarf_planet unique_dp_name; Type: CONSTRAINT; Schema: public; Owner: freecodecamp
--

ALTER TABLE ONLY public.dwarf_planet
    ADD CONSTRAINT unique_dp_name UNIQUE (name);


--
-- Name: moon unique_moon; Type: CONSTRAINT; Schema: public; Owner: freecodecamp
--

ALTER TABLE ONLY public.moon
    ADD CONSTRAINT unique_moon UNIQUE (name);


--
-- Name: galaxy unique_name; Type: CONSTRAINT; Schema: public; Owner: freecodecamp
--

ALTER TABLE ONLY public.galaxy
    ADD CONSTRAINT unique_name UNIQUE (name);


--
-- Name: planet unique_planet; Type: CONSTRAINT; Schema: public; Owner: freecodecamp
--

ALTER TABLE ONLY public.planet
    ADD CONSTRAINT unique_planet UNIQUE (name);


--
-- Name: star unique_star; Type: CONSTRAINT; Schema: public; Owner: freecodecamp
--

ALTER TABLE ONLY public.star
    ADD CONSTRAINT unique_star UNIQUE (name);


--
-- Name: star galaxy_fk; Type: FK CONSTRAINT; Schema: public; Owner: freecodecamp
--

ALTER TABLE ONLY public.star
    ADD CONSTRAINT galaxy_fk FOREIGN KEY (galaxy_id) REFERENCES public.galaxy(galaxy_id);


--
-- Name: moon planet_fk; Type: FK CONSTRAINT; Schema: public; Owner: freecodecamp
--

ALTER TABLE ONLY public.moon
    ADD CONSTRAINT planet_fk FOREIGN KEY (planet_id) REFERENCES public.planet(planet_id);


--
-- PostgreSQL database dump complete
--

